structBattleAnimationDefinitions 0,Class,BA_WeaponType,Character,Gender,BA_AnimationScript,BA_DynamicSprite,BA_StaticSprite,BA_Palette
BattleAnim00,Cavalier,BA_WeaponSword,Callion,GenderMale,BA_BaseCavalry_Sword_Axe_Script,BA_Cavalier_AxeKnt_Mount,BA_Player_Mounted_Body,BA_Callion_Cavalier_Palette
BattleAnim01,Cavalier,BA_WeaponLance,Callion,GenderMale,BA_BaseCavalry_Lance_Script,BA_Cavalier_AxeKnt_Mount,BA_Player_Mounted_Body,BA_Callion_Cavalier_Palette
BattleAnim02,Cavalier,BA_WeaponThrownLance,Callion,GenderMale,BA_BaseCavalry_ThrownLance_Script,BA_Cavalier_AxeKnt_Mount,BA_Player_Mounted_Body,BA_Callion_Cavalier_Palette
BattleAnim03,Cavalier,BA_WeaponSword,$00,GenderMale,BA_BaseCavalry_Sword_Axe_Script,BA_Cavalier_AxeKnt_Mount,BA_Generic_MeleeCav_Body,BA_BaseCavalry_Palette
BattleAnim04,Cavalier,BA_WeaponLance,$00,GenderMale,BA_BaseCavalry_Lance_Script,BA_Cavalier_AxeKnt_Mount,BA_Generic_MeleeCav_Body,BA_BaseCavalry_Palette
BattleAnim05,Cavalier,BA_WeaponThrownLance,$00,GenderMale,BA_BaseCavalry_ThrownLance_Script,BA_Cavalier_AxeKnt_Mount,BA_Generic_MeleeCav_Body,BA_BaseCavalry_Palette
BattleAnim06,CavalierDismounted,BA_WeaponSword,$00,GenderMale,BA_DismountedCavalry_JuniorLord_Sword_Script,BA_Dismounted_MeleeCavs_Body,BA_DismountedClasses_JuniorLord_Slash,BA_Dismounted_BaseMeleeCavalry_Palette
BattleAnim07,Paladin,BA_WeaponSword,Callion,GenderMale,BA_PromotedCavalry_Sword_Axe_Script,BA_Paladin_Mount,BA_Player_Mounted_Body,BA_Callion_Paladin_Palette
BattleAnim08,Paladin,BA_WeaponLance,Callion,GenderMale,BA_PromotedCavalry_Lance_Script,BA_Paladin_Mount,BA_Player_Mounted_Body,BA_Callion_Paladin_Palette
BattleAnim09,Paladin,BA_WeaponThrownLance,Callion,GenderMale,BA_PromotedCavalry_ThrownLance_Script,BA_Paladin_Mount,BA_Player_Mounted_Body,BA_Callion_Paladin_Palette
BattleAnim0A,Paladin,BA_WeaponSword,Fred,GenderMale,BA_PromotedCavalry_Sword_Axe_Script,BA_Paladin_Mount,BA_Player_Mounted_Body,BA_Fred_Paladin_Palette
BattleAnim0B,Paladin,BA_WeaponLance,Fred,GenderMale,BA_PromotedCavalry_Lance_Script,BA_Paladin_Mount,BA_Player_Mounted_Body,BA_Fred_Paladin_Palette
BattleAnim0C,Paladin,BA_WeaponThrownLance,Fred,GenderMale,BA_PromotedCavalry_ThrownLance_Script,BA_Paladin_Mount,BA_Player_Mounted_Body,BA_Fred_Paladin_Palette
BattleAnim0D,Paladin,BA_WeaponSword,Conomor,GenderMale,BA_PromotedCavalry_Sword_Axe_Script,BA_Paladin_Mount,BA_Player_Mounted_Body,BA_Conomor_Paladin_Palette
BattleAnim0E,Paladin,BA_WeaponLance,Conomor,GenderMale,BA_PromotedCavalry_Lance_Script,BA_Paladin_Mount,BA_Player_Mounted_Body,BA_Conomor_Paladin_Palette
BattleAnim0F,Paladin,BA_WeaponThrownLance,Conomor,GenderMale,BA_PromotedCavalry_ThrownLance_Script,BA_Paladin_Mount,BA_Player_Mounted_Body,BA_Conomor_Paladin_Palette
BattleAnim10,Paladin,BA_WeaponSword,$00,GenderMale,BA_PromotedCavalry_Sword_Axe_Script,BA_Paladin_Mount,BA_Generic_PaladinM_Body,BA_PaladinM_ArchKnight_Palette
BattleAnim11,Paladin,BA_WeaponLance,$00,GenderMale,BA_PromotedCavalry_Lance_Script,BA_Paladin_Mount,BA_Generic_PaladinM_Body,BA_PaladinM_ArchKnight_Palette
BattleAnim12,Paladin,BA_WeaponThrownLance,$00,GenderMale,BA_PromotedCavalry_ThrownLance_Script,BA_Paladin_Mount,BA_Generic_PaladinM_Body,BA_PaladinM_ArchKnight_Palette
BattleAnim13,PaladinDismounted,BA_WeaponSword,$00,GenderMale,BA_DismountedCavalry_JuniorLord_Sword_Script,BA_JuniorLord_Dismounted_PromotedMeleeCavs_MasterKnightM_Dracorider_Dragonmaster_Body,BA_DismountedClasses_JuniorLord_Slash,BA_Dismounted_PromotedMeleeCavalry_DracoriderM_Dragonmaster_Palette
BattleAnim14,PaladinF,BA_WeaponSword,$00,GenderFemale,BA_PromotedCavalry_Sword_Axe_Script,BA_Paladin_Mount,BA_Generic_PaladinF_Body,BA_PaladinF_Palette
BattleAnim15,PaladinF,BA_WeaponLance,$00,GenderFemale,BA_PromotedCavalry_Lance_Script,BA_Paladin_Mount,BA_Generic_PaladinF_Body,BA_PaladinF_Palette
BattleAnim16,PaladinF,BA_WeaponThrownLance,$00,GenderFemale,BA_PromotedCavalry_ThrownLance_Script,BA_Paladin_Mount,BA_Generic_PaladinF_Body,BA_PaladinF_Palette
BattleAnim17,PaladinF,BA_WeaponStaff,$00,GenderFemale,BA_PromotedCavalry_Staff_Script,BA_Paladin_Mount,BA_Generic_PaladinF_Body,BA_PaladinF_Palette
BattleAnim18,PaladinFDismounted,BA_WeaponSword,$00,GenderFemale,BA_PaladinF_MasterKnightF_Sword_Script,BA_DismountedPaladinF_DismountedMasterKnightF_Sword_Body,BA_Lord_Prince_Dismounted_KntLord_PalF_MstKntF_Slash,BA_DismountedPaladinF_Palette
BattleAnim19,PaladinFDismounted,BA_WeaponStaff,$00,GenderFemale,BA_DismountedCavalry_Staff_Script,BA_DismountedPaladinF_DismountedMasterKnightF_Staff_Body,BA_Dismounted_KntLord_PalF_MstKntF_Falcon_Shadow,BA_DismountedPaladinF_Palette
BattleAnim1A,LanceKnight,BA_WeaponLance,Finn,GenderMale,BA_BaseCavalry_Lance_Script,BA_LanceKnight_Mount,BA_Player_Mounted_Body,BA_Finn_LanceKnight_Palette
BattleAnim1B,LanceKnight,BA_WeaponThrownLance,Finn,GenderMale,BA_BaseCavalry_ThrownLance_Script,BA_LanceKnight_Mount,BA_Player_Mounted_Body,BA_Finn_LanceKnight_Palette
BattleAnim1C,LanceKnight,BA_WeaponLance,Kane,GenderMale,BA_BaseCavalry_Lance_Script,BA_LanceKnight_Mount,BA_Player_Mounted_Body,BA_Kane_LanceKnight_Palette
BattleAnim1D,LanceKnight,BA_WeaponThrownLance,Kane,GenderMale,BA_BaseCavalry_ThrownLance_Script,BA_LanceKnight_Mount,BA_Player_Mounted_Body,BA_Kane_LanceKnight_Palette
BattleAnim1E,LanceKnight,BA_WeaponLance,Alba,GenderMale,BA_BaseCavalry_Lance_Script,BA_LanceKnight_Mount,BA_Player_Mounted_Body,BA_Alba_LanceKnight_Palette
BattleAnim1F,LanceKnight,BA_WeaponThrownLance,Alba,GenderMale,BA_BaseCavalry_ThrownLance_Script,BA_LanceKnight_Mount,BA_Player_Mounted_Body,BA_Alba_LanceKnight_Palette
BattleAnim20,LanceKnight,BA_WeaponLance,$00,GenderMale,BA_BaseCavalry_Lance_Script,BA_LanceKnight_Mount,BA_Generic_MeleeCav_Body,BA_BaseCavalry_Palette
BattleAnim21,LanceKnight,BA_WeaponThrownLance,$00,GenderMale,BA_BaseCavalry_ThrownLance_Script,BA_LanceKnight_Mount,BA_Generic_MeleeCav_Body,BA_BaseCavalry_Palette
BattleAnim22,LanceKnightDismounted,BA_WeaponSword,$00,GenderMale,BA_DismountedCavalry_JuniorLord_Sword_Script,BA_Dismounted_MeleeCavs_Body,BA_DismountedClasses_JuniorLord_Slash,BA_Dismounted_BaseMeleeCavalry_Palette
BattleAnim23,DukeKnight,BA_WeaponLance,Finn,GenderMale,BA_PromotedCavalry_Lance_Script,BA_DukeKnight_Mount,BA_Player_Mounted_Body,BA_Finn_DukeKnight_Palette
BattleAnim24,DukeKnight,BA_WeaponThrownLance,Finn,GenderMale,BA_PromotedCavalry_ThrownLance_Script,BA_DukeKnight_Mount,BA_Player_Mounted_Body,BA_Finn_DukeKnight_Palette
BattleAnim25,DukeKnight,BA_WeaponLance,Kane,GenderMale,BA_PromotedCavalry_Lance_Script,BA_DukeKnight_Mount,BA_Player_Mounted_Body,BA_Kane_DukeKnight_Palette
BattleAnim26,DukeKnight,BA_WeaponThrownLance,Kane,GenderMale,BA_PromotedCavalry_ThrownLance_Script,BA_DukeKnight_Mount,BA_Player_Mounted_Body,BA_Kane_DukeKnight_Palette
BattleAnim27,DukeKnight,BA_WeaponLance,Alba,GenderMale,BA_PromotedCavalry_Lance_Script,BA_DukeKnight_Mount,BA_Player_Mounted_Body,BA_Alba_DukeKnight_Palette
BattleAnim28,DukeKnight,BA_WeaponThrownLance,Alba,GenderMale,BA_PromotedCavalry_ThrownLance_Script,BA_DukeKnight_Mount,BA_Player_Mounted_Body,BA_Alba_DukeKnight_Palette
BattleAnim29,DukeKnight,BA_WeaponLance,Glade,GenderMale,BA_PromotedCavalry_Lance_Script,BA_DukeKnight_Mount,BA_Player_Mounted_Body,BA_Glade_DukeKnight_Palette
BattleAnim2A,DukeKnight,BA_WeaponThrownLance,Glade,GenderMale,BA_PromotedCavalry_ThrownLance_Script,BA_DukeKnight_Mount,BA_Player_Mounted_Body,BA_Glade_DukeKnight_Palette
BattleAnim2B,DukeKnight,BA_WeaponLance,$00,GenderMale,BA_PromotedCavalry_Lance_Script,BA_DukeKnight_Mount,BA_Generic_DukeKnight_Body,BA_DukeKnight_Palette
BattleAnim2C,DukeKnight,BA_WeaponThrownLance,$00,GenderMale,BA_PromotedCavalry_ThrownLance_Script,BA_DukeKnight_Mount,BA_Generic_DukeKnight_Body,BA_DukeKnight_Palette
BattleAnim2D,DukeKnightDismounted,BA_WeaponSword,$00,GenderMale,BA_DismountedCavalry_JuniorLord_Sword_Script,BA_JuniorLord_Dismounted_PromotedMeleeCavs_MasterKnightM_Dracorider_Dragonmaster_Body,BA_DismountedClasses_JuniorLord_Slash,BA_Dismounted_PromotedMeleeCavalry_DracoriderM_Dragonmaster_Palette
BattleAnim2E,BowKnight,BA_WeaponBow,Robert,GenderMale,BA_Cavalry_Bow_Script,BA_BowKnight_Mount,BA_Robert_BowKnightM_Body,BA_Robert_BowKnight_Palette
BattleAnim2F,BowKnight,BA_WeaponBow,$00,GenderMale,BA_Cavalry_Bow_Script,BA_BowKnight_Mount,BA_BowKnightM_Body,BA_BaseCavalry_Palette
BattleAnim30,BowKnightDismounted,BA_WeaponBow,$00,GenderMale,BA_Infantry_DisountedCav_Bow_Script,BA_DismountedBowKnightM_Body,BA_Infantry_Archer_Quiver,BA_DismountedBowKnightM_Palette
BattleAnim31,BowKnightF,BA_WeaponBow,$00,GenderFemale,BA_Cavalry_Bow_Script,BA_BowKnight_Mount,BA_BowKnightF_Body,BA_BowKnightF_Palette
BattleAnim32,BowKnightFDismounted,BA_WeaponBow,$00,GenderFemale,BA_Infantry_DisountedCav_Bow_Script,BA_ArcherF_DismountedBowKnightF_Body,BA_Infantry_Archer_Quiver,BA_ArcherF_DismountedBowKnightF_Palette
BattleAnim33,ArchKnight,BA_WeaponBow,Robert,GenderMale,BA_Cavalry_Bow_Script,BA_ArchKnight_Mount,BA_Robert_ArchKnightM_Body,BA_Robert_ArchKnight_Palette
BattleAnim34,ArchKnight,BA_WeaponBow,$00,GenderMale,BA_Cavalry_Bow_Script,BA_ArchKnight_Mount,BA_ArchKnightM_Body,BA_PaladinM_ArchKnight_Palette
BattleAnim35,ArchKnightDismounted,BA_WeaponBow,$00,GenderMale,BA_Infantry_DisountedCav_Bow_Script,BA_DismountedArchKnightM_Body,BA_Promoted_Infantry_Archer_Quiver,BA_DismountedArchKnightM_Palette
BattleAnim36,ArchKnightF,BA_WeaponBow,$00,GenderFemale,BA_Cavalry_Bow_Script,BA_ArchKnight_Mount,BA_ArchKnightF_Body,BA_ArchKnightF_Palette
BattleAnim37,ArchKnightFDismounted,BA_WeaponBow,$00,GenderFemale,BA_Infantry_DisountedCav_Bow_Script,BA_SniperF_DismountedArchKnightF_Body,BA_Promoted_Infantry_Archer_Quiver,BA_SniperF_DismountedArchKnightF_Palette
BattleAnim38,Archer,BA_WeaponBow,$00,GenderMale,BA_Infantry_DisountedCav_Bow_Script,BA_ArcherM_Body,BA_Infantry_Archer_Quiver,BA_ArcherM_Palette
BattleAnim39,ArcherF,BA_WeaponBow,$00,GenderFemale,BA_Infantry_DisountedCav_Bow_Script,BA_ArcherF_DismountedBowKnightF_Body,BA_Infantry_Archer_Quiver,BA_ArcherF_DismountedBowKnightF_Palette
BattleAnim3A,Sniper,BA_WeaponBow,$00,GenderMale,BA_Infantry_DisountedCav_Bow_Script,BA_SniperM_Body,BA_Promoted_Infantry_Archer_Quiver,BA_SniperM_Palette
BattleAnim3B,SniperF,BA_WeaponBow,$00,GenderFemale,BA_Infantry_DisountedCav_Bow_Script,BA_SniperF_DismountedArchKnightF_Body,BA_Promoted_Infantry_Archer_Quiver,BA_SniperF_DismountedArchKnightF_Palette
BattleAnim3C,AxeKnight,BA_WeaponAxe,Brighton,GenderMale,BA_BaseCavalry_Sword_Axe_Script,BA_Cavalier_AxeKnt_Mount,BA_Player_Mounted_Body,BA_Brighton_AxeKnight_Palette
BattleAnim3D,AxeKnight,BA_WeaponThrownAxe,Brighton,GenderMale,BA_BaseCavalry_ThrownAxe_Script,BA_Cavalier_AxeKnt_Mount,BA_Player_Mounted_Body,BA_Brighton_AxeKnight_Palette
BattleAnim3E,AxeKnight,BA_WeaponAxe,Hicks,GenderMale,BA_BaseCavalry_Sword_Axe_Script,BA_Cavalier_AxeKnt_Mount,BA_Player_Mounted_Body,BA_Hicks_AxeKnight_Palette
BattleAnim3F,AxeKnight,BA_WeaponThrownAxe,Hicks,GenderMale,BA_BaseCavalry_ThrownAxe_Script,BA_Cavalier_AxeKnt_Mount,BA_Player_Mounted_Body,BA_Hicks_AxeKnight_Palette
BattleAnim40,AxeKnight,BA_WeaponAxe,$00,GenderMale,BA_BaseCavalry_Sword_Axe_Script,BA_Cavalier_AxeKnt_Mount,BA_Generic_MeleeCav_Body,BA_BaseCavalry_Palette
BattleAnim41,AxeKnight,BA_WeaponThrownAxe,$00,GenderMale,BA_BaseCavalry_ThrownAxe_Script,BA_Cavalier_AxeKnt_Mount,BA_Generic_MeleeCav_Body,BA_BaseCavalry_Palette
BattleAnim42,AxeKnightDismounted,BA_WeaponSword,$00,GenderMale,BA_DismountedCavalry_JuniorLord_Sword_Script,BA_Dismounted_MeleeCavs_Body,BA_DismountedClasses_JuniorLord_Slash,BA_Dismounted_BaseMeleeCavalry_Palette
BattleAnim43,GreatKnight,BA_WeaponAxe,Brighton,GenderMale,BA_PromotedCavalry_Sword_Axe_Script,BA_GreatKnight_Mount,BA_Player_Mounted_Body,BA_Brighton_GreatKnight_Palette
BattleAnim44,GreatKnight,BA_WeaponThrownAxe,Brighton,GenderMale,BA_PromotedCavalry_ThrownAxe_Script,BA_GreatKnight_Mount,BA_Player_Mounted_Body,BA_Brighton_GreatKnight_Palette
BattleAnim45,GreatKnight,BA_WeaponAxe,Hicks,GenderMale,BA_PromotedCavalry_Sword_Axe_Script,BA_GreatKnight_Mount,BA_Player_Mounted_Body,BA_Hicks_GreatKnight_Palette
BattleAnim46,GreatKnight,BA_WeaponThrownAxe,Hicks,GenderMale,BA_PromotedCavalry_ThrownAxe_Script,BA_GreatKnight_Mount,BA_Player_Mounted_Body,BA_Hicks_GreatKnight_Palette
BattleAnim47,GreatKnight,BA_WeaponAxe,$00,GenderMale,BA_PromotedCavalry_Sword_Axe_Script,BA_GreatKnight_Mount,BA_Generic_GreatKnight_Body,BA_GreatKnight_Palette
BattleAnim48,GreatKnight,BA_WeaponThrownAxe,$00,GenderMale,BA_PromotedCavalry_ThrownAxe_Script,BA_GreatKnight_Mount,BA_Generic_GreatKnight_Body,BA_GreatKnight_Palette
BattleAnim49,GreatKnightDismounted,BA_WeaponSword,$00,GenderMale,BA_DismountedCavalry_JuniorLord_Sword_Script,BA_JuniorLord_Dismounted_PromotedMeleeCavs_MasterKnightM_Dracorider_Dragonmaster_Body,BA_DismountedClasses_JuniorLord_Slash,BA_Dismounted_PromotedMeleeCavalry_DracoriderM_Dragonmaster_Palette
BattleAnim4A,SwordKnight,BA_WeaponSword,$00,GenderMale,BA_BaseCavalry_Sword_Axe_Script,BA_SwordKnight_Mount,BA_Generic_SwordCav_Body,BA_SwordKnight_Palette
BattleAnim4B,SwordKnightDismounted,BA_WeaponSword,$00,GenderMale,BA_Myrmidon_HeroM_DismountedSwordKnight_Script,BA_MyrmidonM_DismountedSwordKnight_Body,BA_Infantry_Melee_Slash,BA_DismountedSwordKnight_Palette
BattleAnim4C,Ranger,BA_WeaponSword,$00,GenderMale,BA_PromotedCavalry_Sword_Axe_Script,BA_Ranger_Mount,BA_Generic_Ranger_Body,BA_Ranger_Palette
BattleAnim4D,RangerDismounted,BA_WeaponSword,$00,GenderMale,BA_Swordmaster_HeroF_HeroFE4F_DismountedRanger_DismountedDracoknight_Script,BA_DismountedRanger_DismountedDracoknightM_HeroFE4M_Body,BA_Promoted_Infantry_Melee_Slash,BA_DismountedRanger_Palette
BattleAnim4E,Troubadour,BA_WeaponSword,$00,GenderFemale,BA_BaseCavalry_Sword_Axe_Script,BA_Troubadour_Mount,BA_Generic_Troubadour_Body,BA_Troubadour_Palette
BattleAnim4F,Troubadour,BA_WeaponStaff,$00,GenderFemale,BA_BaseCavalry_Staff_Script,BA_Troubadour_Mount,BA_Generic_Troubadour_Body,BA_Troubadour_Palette
BattleAnim50,TroubadourDismounted,BA_WeaponSword,$00,GenderFemale,BA_DismountedCavalry_JuniorLord_Sword_Script,BA_DismountedTroubadour_Sword_Body,BA_DismountedClasses_JuniorLord_Slash,BA_DismountedTroubadour_Palette
BattleAnim51,TroubadourDismounted,BA_WeaponStaff,$00,GenderFemale,BA_DismountedCavalry_Staff_Script,BA_DismountedTroubadour_Staff_Body,BA_Dismounted_KntLord_PalF_MstKntF_Falcon_Shadow,BA_DismountedTroubadour_Palette
BattleAnim52,KnightLord,BA_WeaponSword,$00,GenderMale,BA_PromotedCavalry_Sword_Axe_Script,BA_LordKnight_Mount,BA_KnightLord_Body,BA_KnightLord_Palette
BattleAnim53,KnightLord,BA_WeaponLance,$00,GenderMale,BA_PromotedCavalry_Lance_Script,BA_LordKnight_Mount,BA_KnightLord_Body,BA_KnightLord_Palette
BattleAnim54,KnightLord,BA_WeaponThrownLance,$00,GenderMale,BA_PromotedCavalry_ThrownLance_Script,BA_LordKnight_Mount,BA_KnightLord_Body,BA_KnightLord_Palette
BattleAnim55,KnightLordDismounted,BA_WeaponSword,$00,GenderMale,BA_Lord_Prince_DismountedKnightLord_Sword_Script,BA_Lord_Prince_DismountedLordKnight_Body,BA_Lord_Prince_Dismounted_KntLord_PalF_MstKntF_Slash,BA_Lord_Prince_DismountedKnightLord_Palette
BattleAnim56,MasterKnight,BA_WeaponSword,$00,GenderMale,BA_PromotedCavalry_Sword_Axe_Script,BA_MasterKnight_NonBow_Mount,BA_Player_Mounted_Body,BA_MasterKnightM_Palette
BattleAnim57,MasterKnight,BA_WeaponLance,$00,GenderMale,BA_PromotedCavalry_Lance_Script,BA_MasterKnight_NonBow_Mount,BA_Player_Mounted_Body,BA_MasterKnightM_Palette
BattleAnim58,MasterKnight,BA_WeaponAxe,$00,GenderMale,BA_PromotedCavalry_Sword_Axe_Script,BA_MasterKnight_NonBow_Mount,BA_Player_Mounted_Body,BA_MasterKnightM_Palette
BattleAnim59,MasterKnight,BA_WeaponBow,$00,GenderMale,BA_Cavalry_Bow_Script,BA_MasterKnight_Bow_Mount,BA_MasterKnightM_Bow_Body,BA_MasterKnightM_Palette
BattleAnim5A,MasterKnight,BA_WeaponThrownLance,$00,GenderMale,BA_PromotedCavalry_ThrownLance_Script,BA_MasterKnight_NonBow_Mount,BA_Player_Mounted_Body,BA_MasterKnightM_Palette
BattleAnim5B,MasterKnight,BA_WeaponThrownAxe,$00,GenderMale,BA_PromotedCavalry_ThrownAxe_Script,BA_MasterKnight_NonBow_Mount,BA_Player_Mounted_Body,BA_MasterKnightM_Palette
BattleAnim5C,MasterKnight,BA_WeaponMagic,$00,GenderMale,BA_PromotedCavalry_Magic_Script,BA_MasterKnight_NonBow_Mount,BA_Player_Mounted_Body,BA_MasterKnightM_Palette
BattleAnim5D,MasterKnight,BA_WeaponStaff,$00,GenderMale,BA_PromotedCavalry_Staff_Script,BA_MasterKnight_NonBow_Mount,BA_Player_Mounted_Body,BA_MasterKnightM_Palette
BattleAnim5E,MasterKnightDismounted,BA_WeaponSword,$00,GenderMale,BA_DismountedCavalry_JuniorLord_Sword_Script,BA_JuniorLord_Dismounted_PromotedMeleeCavs_MasterKnightM_Dracorider_Dragonmaster_Body,BA_DismountedClasses_JuniorLord_Slash,BA_Dismounted_PromotedMeleeCavalry_DracoriderM_Dragonmaster_Palette
BattleAnim5F,MasterKnightF,BA_WeaponSword,$00,GenderFemale,BA_PromotedCavalry_Sword_Axe_Script,BA_MasterKnight_NonBow_Mount,BA_MasterKnightF_Body,BA_MasterKnightF_Palette
BattleAnim60,MasterKnightF,BA_WeaponLance,$00,GenderFemale,BA_PromotedCavalry_Lance_Script,BA_MasterKnight_NonBow_Mount,BA_MasterKnightF_Body,BA_MasterKnightF_Palette
BattleAnim61,MasterKnightF,BA_WeaponAxe,$00,GenderFemale,BA_PromotedCavalry_Sword_Axe_Script,BA_MasterKnight_NonBow_Mount,BA_MasterKnightF_Body,BA_MasterKnightF_Palette
BattleAnim62,MasterKnightF,BA_WeaponBow,$00,GenderFemale,BA_Cavalry_Bow_Script,BA_MasterKnight_Bow_Mount,BA_MasterKnightF_Bow_Body,BA_MasterKnightF_Palette
BattleAnim63,MasterKnightF,BA_WeaponThrownLance,$00,GenderFemale,BA_PromotedCavalry_ThrownLance_Script,BA_MasterKnight_NonBow_Mount,BA_MasterKnightF_Ranged_Staff_Body,BA_MasterKnightF_Palette
BattleAnim64,MasterKnightF,BA_WeaponThrownAxe,$00,GenderFemale,BA_PromotedCavalry_ThrownAxe_Script,BA_MasterKnight_NonBow_Mount,BA_MasterKnightF_Ranged_Staff_Body,BA_MasterKnightF_Palette
BattleAnim65,MasterKnightF,BA_WeaponMagic,$00,GenderFemale,BA_PromotedCavalry_Magic_Script,BA_MasterKnight_NonBow_Mount,BA_MasterKnightF_Ranged_Staff_Body,BA_MasterKnightF_Palette
BattleAnim66,MasterKnightF,BA_WeaponStaff,$00,GenderFemale,BA_PromotedCavalry_Staff_Script,BA_MasterKnight_NonBow_Mount,BA_MasterKnightF_Ranged_Staff_Body,BA_MasterKnightF_Palette
BattleAnim67,MasterKnightFDismounted,BA_WeaponSword,$00,GenderFemale,BA_PaladinF_MasterKnightF_Sword_Script,BA_DismountedPaladinF_DismountedMasterKnightF_Sword_Body,BA_Lord_Prince_Dismounted_KntLord_PalF_MstKntF_Slash,BA_DismountedMasterKnightF_Palette
BattleAnim68,MasterKnightFDismounted,BA_WeaponStaff,$00,GenderFemale,BA_DismountedCavalry_Staff_Script,BA_DismountedPaladinF_DismountedMasterKnightF_Staff_Body,BA_Dismounted_KntLord_PalF_MstKntF_Falcon_Shadow,BA_DismountedMasterKnightF_Palette
BattleAnim69,MageKnight,BA_WeaponSword,Ilios,GenderMale,BA_PromotedCavalry_Sword_Axe_Script,BA_MageKnight_Mount,BA_Ilios_MageKnight_Body,BA_Ilios_MageKnight_Palette
BattleAnim6A,MageKnight,BA_WeaponMagic,Ilios,GenderMale,BA_PromotedCavalry_Magic_Script,BA_MageKnight_Mount,BA_Ilios_MageKnight_Body,BA_Ilios_MageKnight_Palette
BattleAnim6B,MageKnight,BA_WeaponSword,$00,GenderMale,BA_PromotedCavalry_Sword_Axe_Script,BA_MageKnight_Mount,BA_Generic_MageKnight_Body,BA_MageKnightM_Palette
BattleAnim6C,MageKnight,BA_WeaponMagic,$00,GenderMale,BA_PromotedCavalry_Magic_Script,BA_MageKnight_Mount,BA_Generic_MageKnight_Body,BA_MageKnightM_Palette
BattleAnim6D,MageKnightDismounted,BA_WeaponSword,$00,GenderMale,BA_DismountedMageKnightM_Sword_Script,BA_DismountedMageKnightM_Sword_Body,BA_DismountedMageKnight_Slash,BA_DismountedMageKnightM_Palette
BattleAnim6E,MageKnightDismounted,BA_WeaponMagic,$00,GenderMale,BA_DismountedMageKnightM_Magic_Script,BA_DismountedMageKnightM_Magic_Body,BA_SageF_DismountedMageKnt_Shadow,BA_DismountedMageKnightM_Palette
BattleAnim6F,MageKnightF,BA_WeaponSword,$00,GenderFemale,BA_PromotedCavalry_Sword_Axe_Script,BA_MageKnight_Mount,BA_Generic_MageKnightF_Body,BA_MageKnightF_Palette
BattleAnim70,MageKnightF,BA_WeaponMagic,$00,GenderFemale,BA_PromotedCavalry_Magic_Script,BA_MageKnight_Mount,BA_Generic_MageKnightF_Body,BA_MageKnightF_Palette
BattleAnim71,MageKnightF,BA_WeaponStaff,$00,GenderFemale,BA_PromotedCavalry_Staff_Script,BA_MageKnight_Mount,BA_Generic_MageKnightF_Body,BA_MageKnightF_Palette
BattleAnim72,MageKnightFDismounted,BA_WeaponSword,$00,GenderFemale,BA_DismountedMageKnightF_Sword_Script,BA_DismountedMageKnightF_Sword_Body,BA_DismountedMageKnight_Slash,BA_DismountedMageKnightF_Palette
BattleAnim73,MageKnightFDismounted,BA_WeaponStaff,$00,GenderFemale,BA_Sage_DismountedMageKnightF_Staff_Script,BA_DismountedMageKnightF_MagicStaff_Body,BA_SageF_DismountedMageKnt_Shadow,BA_DismountedMageKnightF_Palette
BattleAnim74,MageKnightFDismounted,BA_WeaponMagic,$00,GenderFemale,BA_Sage_DismountedMageKnightF_Magic_Script,BA_DismountedMageKnightF_MagicStaff_Body,BA_SageF_DismountedMageKnt_Shadow,BA_DismountedMageKnightF_Palette
BattleAnim75,Myrmidon,BA_WeaponSword,Trude,GenderMale,BA_Myrmidon_HeroM_DismountedSwordKnight_Script,BA_MyrmidonM_DismountedSwordKnight_Body,BA_Infantry_Melee_Slash,BA_Trude_Myrmidon_Palette
BattleAnim76,Myrmidon,BA_WeaponSword,$00,GenderMale,BA_Myrmidon_HeroM_DismountedSwordKnight_Script,BA_MyrmidonM_DismountedSwordKnight_Body,BA_Infantry_Melee_Slash,BA_MyrmidonM_Palette
BattleAnim77,MyrmidonF,BA_WeaponSword,Mareeta,GenderFemale,BA_Myrmidon_HeroM_DismountedSwordKnight_Script,BA_MyrmidonF_Body,BA_Infantry_Melee_Slash,BA_Mareeta_Myrmidon_Palette
BattleAnim78,MyrmidonF,BA_WeaponSword,$00,GenderFemale,BA_Myrmidon_HeroM_DismountedSwordKnight_Script,BA_MyrmidonF_Body,BA_Infantry_Melee_Slash,BA_MyrmidonF_Palette
BattleAnim79,Swordmaster,BA_WeaponSword,Shannam,GenderMale,BA_Swordmaster_HeroF_HeroFE4F_DismountedRanger_DismountedDracoknight_Script,BA_SwordmasterM_Body,BA_Promoted_Infantry_Melee_Slash,BA_Shannam_Swordmaster_Palette
BattleAnim7A,Swordmaster,BA_WeaponSword,Trude,GenderMale,BA_Swordmaster_HeroF_HeroFE4F_DismountedRanger_DismountedDracoknight_Script,BA_SwordmasterM_Body,BA_Promoted_Infantry_Melee_Slash,BA_Trude_Swordmaster_Palette
BattleAnim7B,Swordmaster,BA_WeaponSword,$00,GenderMale,BA_Swordmaster_HeroF_HeroFE4F_DismountedRanger_DismountedDracoknight_Script,BA_SwordmasterM_Body,BA_Promoted_Infantry_Melee_Slash,BA_SwordmasterM_Palette
BattleAnim7C,SwordmasterF,BA_WeaponSword,Mareeta,GenderFemale,BA_Swordmaster_HeroF_HeroFE4F_DismountedRanger_DismountedDracoknight_Script,BA_SwordmasterF_Body,BA_Promoted_Infantry_Melee_Slash,BA_Mareeta_Swordmaster_Palette
BattleAnim7D,SwordmasterF,BA_WeaponSword,Eyvel,GenderFemale,BA_Swordmaster_HeroF_HeroFE4F_DismountedRanger_DismountedDracoknight_Script,BA_SwordmasterF_Body,BA_Promoted_Infantry_Melee_Slash,BA_Eyvel_Swordmaster_Palette
BattleAnim7E,SwordmasterF,BA_WeaponSword,$00,GenderFemale,BA_Swordmaster_HeroF_HeroFE4F_DismountedRanger_DismountedDracoknight_Script,BA_SwordmasterF_Body,BA_Promoted_Infantry_Melee_Slash,BA_SwordmasterF_Palette
BattleAnim7F,HeroFe4,BA_WeaponSword,$00,GenderMale,BA_Swordmaster_HeroF_HeroFE4F_DismountedRanger_DismountedDracoknight_Script,BA_DismountedRanger_DismountedDracoknightM_HeroFE4M_Body,BA_Promoted_Infantry_Melee_Slash,BA_DismountedDracoknightM_HeroFE4M_Palette
BattleAnim80,HeroFe4,BA_WeaponAxe,$00,GenderMale,BA_Fighter_Hero_HeroFe4M_Axe_Script,BA_HeroFE4M_Axe_Body,BA_Infantry_Melee_Slash,BA_DismountedDracoknightM_HeroFE4M_Palette
BattleAnim81,HeroFe4,BA_WeaponThrownAxe,$00,GenderMale,BA_Fighter_Hero_HeroFe4M_ThrownAxe_Script,BA_HeroFE4M_ThrownAxe_Body,BA_FighterThrown_HeroThrown_Pirate_Slash,BA_DismountedDracoknightM_HeroFE4M_Palette
BattleAnim82,HeroFE4F,BA_WeaponSword,$00,GenderFemale,BA_Swordmaster_HeroF_HeroFE4F_DismountedRanger_DismountedDracoknight_Script,BA_HeroF_HeroFE4F_Body,BA_Promoted_Infantry_Melee_Slash,BA_HeroF_HeroFE4F_Palette
BattleAnim83,Fighter,BA_WeaponAxe,$00,GenderMale,BA_Fighter_Hero_HeroFe4M_Axe_Script,BA_FighterAxe_Body,BA_Infantry_Melee_Slash,BA_Fighter_Palette
BattleAnim84,Fighter,BA_WeaponThrownAxe,$00,GenderMale,BA_Fighter_Hero_HeroFe4M_ThrownAxe_Script,BA_FighterThrownAxe_Body,BA_FighterThrown_HeroThrown_Pirate_Slash,BA_Fighter_Palette
BattleAnim85,Hero,BA_WeaponSword,$00,GenderMale,BA_Myrmidon_HeroM_DismountedSwordKnight_Script,BA_HeroM_Sword_Body,BA_Infantry_Melee_Slash,BA_HeroM_Palette
BattleAnim86,Hero,BA_WeaponAxe,$00,GenderMale,BA_Fighter_Hero_HeroFe4M_Axe_Script,BA_HeroM_Axe_Body,BA_Infantry_Melee_Slash,BA_HeroM_Palette
BattleAnim87,Hero,BA_WeaponThrownAxe,$00,GenderMale,BA_Fighter_Hero_HeroFe4M_ThrownAxe_Script,BA_HeroMThrownAxe_Body,BA_FighterThrown_HeroThrown_Pirate_Slash,BA_HeroM_Palette
BattleAnim88,HeroF,BA_WeaponSword,Mareeta,GenderFemale,BA_Swordmaster_HeroF_HeroFE4F_DismountedRanger_DismountedDracoknight_Script,BA_HeroF_HeroFE4F_Body,BA_Promoted_Infantry_Melee_Slash,BA_Mareeta_Hero_Palette
BattleAnim89,HeroF,BA_WeaponAxe,Mareeta,GenderFemale,BA_Fighter_Hero_HeroFe4M_Axe_Script,BA_HeroF_Axe_Body,BA_Infantry_Melee_Slash,BA_Mareeta_Hero_Palette
BattleAnim8A,HeroF,BA_WeaponThrownAxe,Mareeta,GenderFemale,BA_Fighter_Hero_HeroFe4M_ThrownAxe_Script,BA_HeroF_ThrownAxe_Body,BA_FighterThrown_HeroThrown_Pirate_Slash,BA_Mareeta_Hero_Palette
BattleAnim8B,HeroF,BA_WeaponSword,$00,GenderFemale,BA_Swordmaster_HeroF_HeroFE4F_DismountedRanger_DismountedDracoknight_Script,BA_HeroF_HeroFE4F_Body,BA_Promoted_Infantry_Melee_Slash,BA_HeroF_HeroFE4F_Palette
BattleAnim8C,HeroF,BA_WeaponAxe,$00,GenderFemale,BA_Fighter_Hero_HeroFe4M_Axe_Script,BA_HeroF_Axe_Body,BA_Infantry_Melee_Slash,BA_HeroF_HeroFE4F_Palette
BattleAnim8D,HeroF,BA_WeaponThrownAxe,$00,GenderFemale,BA_Fighter_Hero_HeroFe4M_ThrownAxe_Script,BA_HeroF_ThrownAxe_Body,BA_FighterThrown_HeroThrown_Pirate_Slash,BA_HeroF_HeroFE4F_Palette
BattleAnim8E,General,BA_WeaponSword,$00,GenderMale,BA_Armors_Sword_Axe_Script,BA_GeneralSwordAxes_Body,BA_General_Slashes,BA_General_Palette
BattleAnim8F,General,BA_WeaponLance,$00,GenderMale,BA_Armors_Lance_Script,BA_GeneralLances_Body,BA_General_Slashes,BA_General_Palette
BattleAnim90,General,BA_WeaponAxe,$00,GenderMale,BA_Armors_Sword_Axe_Script,BA_GeneralSwordAxes_Body,BA_General_Slashes,BA_General_Palette
BattleAnim91,General,BA_WeaponBow,$00,GenderMale,BA_General_Emperor_Baron_Bow_Script,BA_GeneralBow_Body,BA_General_Slashes,BA_General_Palette
BattleAnim92,General,BA_WeaponThrownLance,$00,GenderMale,BA_Armors_ThrownLance_Script,BA_GeneralLances_Body,BA_General_Slashes,BA_General_Palette
BattleAnim93,General,BA_WeaponThrownAxe,$00,GenderMale,BA_Armors_ThrownAxe_Script,BA_GeneralSwordAxes_Body,BA_General_Slashes,BA_General_Palette
BattleAnim94,Emperor,BA_WeaponSword,$00,GenderMale,BA_Armors_Sword_Axe_Script,BA_EmperorSwordAxesStaffMagic_Body,BA_Emperor_Slashes,BA_Emperor_Palette
BattleAnim95,Emperor,BA_WeaponLance,$00,GenderMale,BA_Armors_Lance_Script,BA_EmperorLances_Body,BA_Emperor_Slashes,BA_Emperor_Palette
BattleAnim96,Emperor,BA_WeaponAxe,$00,GenderMale,BA_Armors_Sword_Axe_Script,BA_EmperorSwordAxesStaffMagic_Body,BA_Emperor_Slashes,BA_Emperor_Palette
BattleAnim97,Emperor,BA_WeaponBow,$00,GenderMale,BA_General_Emperor_Baron_Bow_Script,BA_EmperorBow_Body,BA_Emperor_Slashes,BA_Emperor_Palette
BattleAnim98,Emperor,BA_WeaponThrownLance,$00,GenderMale,BA_Armors_ThrownLance_Script,BA_EmperorLances_Body,BA_Emperor_Slashes,BA_Emperor_Palette
BattleAnim99,Emperor,BA_WeaponThrownAxe,$00,GenderMale,BA_Armors_ThrownAxe_Script,BA_EmperorSwordAxesStaffMagic_Body,BA_Emperor_Slashes,BA_Emperor_Palette
BattleAnim9A,Emperor,BA_WeaponStaff,$00,GenderMale,BA_Armors_Staff_Script,BA_EmperorSwordAxesStaffMagic_Body,BA_Emperor_Slashes,BA_Emperor_Palette
BattleAnim9B,Emperor,BA_WeaponMagic,$00,GenderMale,BA_Armors_Magic_Script,BA_EmperorSwordAxesStaffMagic_Body,BA_Emperor_Slashes,BA_Emperor_Palette
BattleAnim9C,Baron,BA_WeaponSword,$00,GenderMale,BA_Armors_Sword_Axe_Script,BA_BaronSwordAxesStaffMagic_Body,BA_Baron_Slashes,BA_Baron_Palette
BattleAnim9D,Baron,BA_WeaponLance,$00,GenderMale,BA_Armors_Lance_Script,BA_BaronLances_Body,BA_Baron_Slashes,BA_Baron_Palette
BattleAnim9E,Baron,BA_WeaponAxe,$00,GenderMale,BA_Armors_Sword_Axe_Script,BA_BaronSwordAxesStaffMagic_Body,BA_Baron_Slashes,BA_Baron_Palette
BattleAnim9F,Baron,BA_WeaponBow,$00,GenderMale,BA_General_Emperor_Baron_Bow_Script,BA_BaronBow_Body,BA_Baron_Slashes,BA_Baron_Palette
BattleAnimA0,Baron,BA_WeaponThrownLance,$00,GenderMale,BA_Armors_ThrownLance_Script,BA_BaronLances_Body,BA_Baron_Slashes,BA_Baron_Palette
BattleAnimA1,Baron,BA_WeaponThrownAxe,$00,GenderMale,BA_Armors_ThrownAxe_Script,BA_BaronSwordAxesStaffMagic_Body,BA_Baron_Slashes,BA_Baron_Palette
BattleAnimA2,Baron,BA_WeaponStaff,$00,GenderMale,BA_Armors_Staff_Script,BA_BaronSwordAxesStaffMagic_Body,BA_Baron_Slashes,BA_Baron_Palette
BattleAnimA3,Baron,BA_WeaponMagic,$00,GenderMale,BA_Armors_Magic_Script,BA_BaronSwordAxesStaffMagic_Body,BA_Baron_Slashes,BA_Baron_Palette
BattleAnimA4,ArmoredLance,BA_WeaponLance,$00,GenderMale,BA_Armors_Lance_Script,BA_ArmorLances_Body,BA_MeleeArmor_Slashes,BA_ArmorKnight_Palette
BattleAnimA5,ArmoredLance,BA_WeaponThrownLance,$00,GenderMale,BA_Armors_ThrownLance_Script,BA_ArmorLances_Body,BA_MeleeArmor_Slashes,BA_ArmorKnight_Palette
BattleAnimA6,ArmoredAxe,BA_WeaponAxe,$00,GenderMale,BA_Armors_Sword_Axe_Script,BA_ArmorSwordAxes_Body,BA_MeleeArmor_Slashes,BA_ArmorKnight_Palette
BattleAnimA7,ArmoredAxe,BA_WeaponThrownAxe,$00,GenderMale,BA_Armors_ThrownAxe_Script,BA_ArmorSwordAxes_Body,BA_MeleeArmor_Slashes,BA_ArmorKnight_Palette
BattleAnimA8,ArmoredBow,BA_WeaponBow,$00,GenderMale,BA_ArmoredBow_Script,BA_ArmorBow_Body,BA_BowArmor_Quiver,BA_ArmorKnight_Palette
BattleAnimA9,ArmoredSword,BA_WeaponSword,$00,GenderMale,BA_Armors_Sword_Axe_Script,BA_ArmorSwordAxes_Body,BA_MeleeArmor_Slashes,BA_ArmorKnight_Palette
BattleAnimAA,Berserker,BA_WeaponAxe,$00,GenderMale,BA_BrigandTypes_Axe_Script,BA_Berserker_Body,BA_Berserker_Slash,BA_Hunter_Berserker_Palette
BattleAnimAB,Berserker,BA_WeaponThrownAxe,$00,GenderMale,BA_BrigandTypes_ThrownAxe_Script,BA_Berserker_Body,BA_Berserker_Slash,BA_Hunter_Berserker_Palette
BattleAnimAC,Brigand,BA_WeaponAxe,$00,GenderMale,BA_BrigandTypes_Axe_Script,BA_Brigand_Body,BA_Brigand_Slash,BA_Brigand_Warrior_Palette
BattleAnimAD,Brigand,BA_WeaponThrownAxe,$00,GenderMale,BA_BrigandTypes_ThrownAxe_Script,BA_Brigand_Body,BA_Brigand_Slash,BA_Brigand_Warrior_Palette
BattleAnimAE,BrigandAlternate,BA_WeaponAxe,$00,GenderMale,BA_BrigandTypes_Axe_Script,BA_BrigandAlt_Body,BA_BrigandAlt_Slash,BA_BrigandAlt_Palette
BattleAnimAF,BrigandAlternate,BA_WeaponThrownAxe,$00,GenderMale,BA_BrigandTypes_ThrownAxe_Script,BA_BrigandAlt_Body,BA_BrigandAlt_Slash,BA_BrigandAlt_Palette
BattleAnimB0,Warrior,BA_WeaponAxe,$00,GenderMale,BA_BrigandTypes_Axe_Script,BA_WarriorAxes_Body,BA_Warrior_Slash,BA_Brigand_Warrior_Palette
BattleAnimB1,Warrior,BA_WeaponBow,$00,GenderMale,BA_BrigandTypes_Bow_Script,BA_WarriorBow_Body,BA_Warrior_Quiver,BA_Brigand_Warrior_Palette
BattleAnimB2,Warrior,BA_WeaponThrownAxe,$00,GenderMale,BA_BrigandTypes_ThrownAxe_Script,BA_WarriorAxes_Body,BA_Warrior_Slash,BA_Brigand_Warrior_Palette
BattleAnimB3,Hunter,BA_WeaponBow,$00,GenderMale,BA_BrigandTypes_Bow_Script,BA_Hunter_Body,BA_Hunter_Quiver,BA_Hunter_Berserker_Palette
BattleAnimB4,Pirate,BA_WeaponAxe,$00,GenderMale,BA_BrigandTypes_Axe_Script,BA_PirateAxes_Body,BA_FighterThrown_HeroThrown_Pirate_Slash,BA_Pirate_Palette
BattleAnimB5,Pirate,BA_WeaponThrownAxe,$00,GenderMale,BA_BrigandTypes_ThrownAxe_Script,BA_PirateAxes_Body,BA_FighterThrown_HeroThrown_Pirate_Slash,BA_Pirate_Palette
BattleAnimB6,JuniorLord,BA_WeaponSword,Finn,GenderMale,BA_DismountedCavalry_JuniorLord_Sword_Script,BA_Dismounted_MeleeCavs_Body,BA_DismountedClasses_JuniorLord_Slash,BA_Finn_Dismounted_Palette
BattleAnimB7,JuniorLord,BA_WeaponSword,Finn,GenderMale,BA_DismountedCavalry_JuniorLord_Sword_Script,BA_JuniorLord_Dismounted_PromotedMeleeCavs_MasterKnightM_Dracorider_Dragonmaster_Body,BA_DismountedClasses_JuniorLord_Slash,BA_Finn_Dismounted_Palette
BattleAnimB8,JuniorLord,BA_WeaponSword,Brighton,GenderMale,BA_DismountedCavalry_JuniorLord_Sword_Script,BA_Dismounted_MeleeCavs_Body,BA_DismountedClasses_JuniorLord_Slash,BA_Dismounted_BaseMeleeCavalry_Palette
BattleAnimB9,JuniorLord,BA_WeaponSword,Brighton,GenderMale,BA_DismountedCavalry_JuniorLord_Sword_Script,BA_JuniorLord_Dismounted_PromotedMeleeCavs_MasterKnightM_Dracorider_Dragonmaster_Body,BA_DismountedClasses_JuniorLord_Slash,BA_Dismounted_PromotedMeleeCavalry_DracoriderM_Dragonmaster_Palette
BattleAnimBA,JuniorLord,BA_WeaponSword,$00,GenderMale,BA_DismountedCavalry_JuniorLord_Sword_Script,BA_JuniorLord_Dismounted_PromotedMeleeCavs_MasterKnightM_Dracorider_Dragonmaster_Body,BA_DismountedClasses_JuniorLord_Slash,BA_JuniorLord_Palette
BattleAnimBB,Lord,BA_WeaponSword,$00,GenderMale,BA_Lord_Prince_DismountedKnightLord_Sword_Script,BA_Lord_Prince_DismountedLordKnight_Body,BA_Lord_Prince_Dismounted_KntLord_PalF_MstKntF_Slash,BA_Lord_Prince_DismountedKnightLord_Palette
BattleAnimBC,Prince,BA_WeaponSword,$00,GenderMale,BA_Lord_Prince_DismountedKnightLord_Sword_Script,BA_Lord_Prince_DismountedLordKnight_Body,BA_Lord_Prince_Dismounted_KntLord_PalF_MstKntF_Slash,BA_Lord_Prince_DismountedKnightLord_Palette
BattleAnimBD,BaronGlitched,BA_WeaponStaff,$00,GenderFemale,BA_BaronGlitched_Staff_Script,BA_BaronGlitched_Body,BA_BaronGlitched_Shadow,BA_GlitchedBaron_Palette
BattleAnimBE,BaronGlitched,BA_WeaponMagic,$00,GenderFemale,BA_BaronGlitched_Magic_Script,BA_BaronGlitched_Body,BA_BaronGlitched_Shadow,BA_GlitchedBaron_Palette
BattleAnimBF,Dancer,BA_WeaponSword,$00,GenderFemale,BA_Thief_Rogue_Dancer_Sword_Script,BA_Dancer_Body,BA_Dancer_Slash,BA_Dancer_Palette
BattleAnimC0,Priest,BA_WeaponStaff,$00,GenderMale,BA_Priest_Staff_Script,BA_Priest_Body,BA_Priest_Priestess_Shadow,BA_Priest_Palette
BattleAnimC1,Priestess,BA_WeaponStaff,$00,GenderFemale,BA_Priest_Staff_Script,BA_Priestess_Body,BA_Priest_Priestess_Shadow,BA_Priestess_Palette
BattleAnimC2,Mage,BA_WeaponMagic,$00,GenderMale,BA_Mage_Magic_Script,BA_MageM_Body,BA_Mage_Shadow,BA_MageM_Palette
BattleAnimC3,MageF,BA_WeaponMagic,$00,GenderFemale,BA_Mage_Magic_Script,BA_MageF_Body,BA_Mage_Shadow,BA_MageF_Palette
BattleAnimC4,LoptrianMage,BA_WeaponMagic,$00,GenderMale,BA_LoptrianMage_Magic_Script,BA_LoptrianMageM_Magic_Body,BA_LoptrianMage_Magic_Shadow,BA_LoptrianMage_Palette
BattleAnimC5,LoptrianMage,BA_WeaponStaff,$00,GenderMale,BA_HighPriest_LoptrianMageM_Staff_Script,BA_LoptrianMageM_Staff_Body,BA_LoptrianMageM_Staff_Shadow,BA_LoptrianMage_Palette
BattleAnimC6,ThunderMageF,BA_WeaponMagic,$00,GenderFemale,BA_ThunderMage_Magic_Script,BA_ThunderMageF_Body,BA_ThunderMage_Shadow,BA_ThunderMage_Palette
BattleAnimC7,ThunderMage,BA_WeaponMagic,$00,GenderMale,BA_ThunderMage_Magic_Script,BA_ThunderMageM_Body,BA_ThunderMage_Shadow,BA_ThunderMage_Palette
BattleAnimC8,LoptrianMageF,BA_WeaponMagic,$00,GenderFemale,BA_LoptrianMage_Magic_Script,BA_LoptrianMageF_Body,BA_LoptrianMage_Magic_Shadow,BA_LoptrianMage_Palette
BattleAnimC9,WindMage,BA_WeaponMagic,$00,GenderMale,BA_Wind_Magic_Script,BA_WindMageM_Body,BA_WindMage_Shadow,BA_WindMage_Palette
BattleAnimCA,WindMageF,BA_WeaponMagic,$00,GenderFemale,BA_Wind_Magic_Script,BA_WindMageF_Body,BA_WindMage_Shadow,BA_WindMage_Palette
BattleAnimCB,HighPriest,BA_WeaponMagic,$00,GenderMale,BA_HighPriest_Magic_Script,BA_High_Priest_Body,BA_HighPriest_HighPriestess_Shadow,BA_HighPriest_Palette
BattleAnimCC,HighPriest,BA_WeaponStaff,$00,GenderMale,BA_HighPriest_LoptrianMageM_Staff_Script,BA_High_Priest_Body,BA_HighPriest_HighPriestess_Shadow,BA_HighPriest_Palette
BattleAnimCD,HighPriestess,BA_WeaponMagic,$00,GenderFemale,BA_HighPriest_Magic_Script,BA_High_Priestess_Body,BA_HighPriest_HighPriestess_Shadow,BA_HighPriestess_Palette
BattleAnimCE,HighPriestess,BA_WeaponStaff,$00,GenderFemale,BA_HighPriest_LoptrianMageM_Staff_Script,BA_High_Priestess_Body,BA_HighPriest_HighPriestess_Shadow,BA_HighPriestess_Palette
BattleAnimCF,Bishop,BA_WeaponMagic,$00,GenderMale,BA_Bishop_Magic_Script,BA_Bishop_Body,BA_Bishop_Shadow,BA_Bishop_Palette
BattleAnimD0,Bishop,BA_WeaponStaff,$00,GenderMale,BA_Bishop_Staff_Script,BA_Bishop_Body,BA_Bishop_Shadow,BA_Bishop_Palette
BattleAnimD1,Sage,BA_WeaponMagic,$00,GenderMale,BA_Sage_DismountedMageKnightF_Magic_Script,BA_SageM_Body,BA_SageM_Shadow,BA_SageM_Palette
BattleAnimD2,Sage,BA_WeaponStaff,$00,GenderMale,BA_Sage_DismountedMageKnightF_Staff_Script,BA_SageM_Body,BA_SageM_Shadow,BA_SageM_Palette
BattleAnimD3,SageF,BA_WeaponMagic,$00,GenderFemale,BA_Sage_DismountedMageKnightF_Magic_Script,BA_SageF_Body,BA_SageF_DismountedMageKnt_Shadow,BA_SageF_Palette
BattleAnimD4,SageF,BA_WeaponStaff,$00,GenderFemale,BA_Sage_DismountedMageKnightF_Staff_Script,BA_SageF_Body,BA_SageF_DismountedMageKnt_Shadow,BA_SageF_Palette
BattleAnimD5,Bard,BA_WeaponMagic,$00,GenderMale,BA_Bard_Magic_Script,BA_Bard_Body,BA_Bard_Shadow,BA_Bard_Palette
BattleAnimD6,Cleric,BA_WeaponMagic,$00,GenderFemale,BA_Cleric_Magic_Script,BA_Cleric_Body,BA_Cleric_Shadow,BA_Cleric_Palette
BattleAnimD7,Cleric,BA_WeaponStaff,$00,GenderFemale,BA_Cleric_Staff_Script,BA_Cleric_Body,BA_Cleric_Shadow,BA_Cleric_Palette
BattleAnimD8,Sorcerer,BA_WeaponMagic,$00,GenderMale,BA_Sorcerer_Magic_Script,BA_Sorcerer_Body,BA_Sorcerer_Shadow,BA_Sorcerer_Palette
BattleAnimD9,Sorcerer,BA_WeaponStaff,$00,GenderMale,BA_Sorcerer_Staff_Script,BA_Sorcerer_Body,BA_Sorcerer_Shadow,BA_Sorcerer_Palette
BattleAnimDA,DarkBishop,BA_WeaponMagic,$00,GenderMale,BA_DarkBishop_Magic_Script,BA_DarkBishop_Body,BA_DarkBishop_Shadow,BA_DarkBishop_Palette
BattleAnimDB,DarkBishop,BA_WeaponStaff,$00,GenderMale,BA_DarkBishop_Staff_Script,BA_DarkBishop_Body,BA_DarkBishop_Shadow,BA_DarkBishop_Palette
BattleAnimDC,DarkPrince,BA_WeaponMagic,$00,GenderMale,BA_DarkPrince_Script,BA_DarkPrince_Body,BA_DarkPrince_Shadow,BA_DarkPrince_Palette
BattleAnimDD,Thief,BA_WeaponSword,$00,GenderMale,BA_Thief_Rogue_Dancer_Sword_Script,BA_ThiefM_Body,BA_Thief_ThiefRogue_Slash,BA_ThiefM_Palette
BattleAnimDE,ThiefF,BA_WeaponSword,$00,GenderFemale,BA_Thief_Rogue_Dancer_Sword_Script,BA_ThiefF_Body,BA_Thief_ThiefRogue_Slash,BA_ThiefF_Palette
BattleAnimDF,Rogue,BA_WeaponSword,$00,GenderMale,BA_Thief_Rogue_Dancer_Sword_Script,BA_RogueM_Body,BA_Rogue_Slash,BA_RogueM_Palette
BattleAnimE0,RogueF,BA_WeaponSword,$00,GenderFemale,BA_Thief_Rogue_Dancer_Sword_Script,BA_RogueF_Body,BA_Rogue_Slash,BA_RogueF_Palette
BattleAnimE1,ThiefRogue,BA_WeaponSword,$00,GenderMale,BA_Thief_Rogue_Dancer_Sword_Script,BA_ThiefRogue_Body,BA_Thief_ThiefRogue_Slash,BA_ThiefRogue_Palette
BattleAnimE2,Ballistician,BA_WeaponBow,$00,GenderMale,BA_Ballisticians_Script,BA_Ballistician_VeninBallistician_Bow,BA_Ballistician_VeninBallistician_Body,BA_Ballistician_Palette
BattleAnimE3,IronBallistician,BA_WeaponBow,$00,GenderMale,BA_Ballisticians_Script,BA_IronBallistician_Bow,BA_IronBallistician_Body,BA_IronBallistician_Palette
BattleAnimE4,KillerBallistician,BA_WeaponBow,$00,GenderMale,BA_Ballisticians_Script,BA_KillerBallistician_Bow,BA_KillerBallistician_Body,BA_KillerBallistician_Palette
BattleAnimE5,VeninBallistician,BA_WeaponBow,$00,GenderMale,BA_Ballisticians_Script,BA_Ballistician_VeninBallistician_Bow,BA_Ballistician_VeninBallistician_Body,BA_VeninBallistician_Palette
BattleAnimE6,Dracorider,BA_WeaponSword,Finn,GenderMale,BA_Draco_Sword_Script,BA_Dracorider_Mount,BA_Dean_DracoKnight_Finn_DracoRider_Body,BA_Finn_DracoriderM_Palette
BattleAnimE7,Dracorider,BA_WeaponLance,Finn,GenderMale,BA_Draco_Lance_Script,BA_Dracorider_Mount,BA_Dean_DracoKnight_Finn_DracoRider_Body,BA_Finn_DracoriderM_Palette
BattleAnimE8,Dracorider,BA_WeaponThrownLance,Finn,GenderMale,BA_Draco_ThrownLance_Script,BA_Dracorider_Mount,BA_Dean_DracoKnight_Finn_DracoRider_Body,BA_Finn_DracoriderM_Palette
BattleAnimE9,Dracorider,BA_WeaponSword,$00,GenderMale,BA_Draco_Sword_Script,BA_Dracorider_Mount,BA_DracoRiderM_Body,BA_DracosM_Palette
BattleAnimEA,Dracorider,BA_WeaponLance,$00,GenderMale,BA_Draco_Lance_Script,BA_Dracorider_Mount,BA_DracoRiderM_Body,BA_DracosM_Palette
BattleAnimEB,Dracorider,BA_WeaponThrownLance,$00,GenderMale,BA_Draco_ThrownLance_Script,BA_Dracorider_Mount,BA_DracoRiderM_Body,BA_DracosM_Palette
BattleAnimEC,DracoriderDismounted,BA_WeaponSword,$00,GenderMale,BA_DismountedCavalry_JuniorLord_Sword_Script,BA_JuniorLord_Dismounted_PromotedMeleeCavs_MasterKnightM_Dracorider_Dragonmaster_Body,BA_DismountedClasses_JuniorLord_Slash,BA_Dismounted_PromotedMeleeCavalry_DracoriderM_Dragonmaster_Palette
BattleAnimED,DracoriderF,BA_WeaponSword,$00,GenderFemale,BA_Draco_Sword_Script,BA_Dracorider_Mount,BA_DracoRiderF_Body,BA_DracoriderF_DracoknightF_Palette
BattleAnimEE,DracoriderF,BA_WeaponLance,$00,GenderFemale,BA_Draco_Lance_Script,BA_Dracorider_Mount,BA_DracoRiderF_Body,BA_DracoriderF_DracoknightF_Palette
BattleAnimEF,DracoriderF,BA_WeaponThrownLance,$00,GenderFemale,BA_Draco_ThrownLance_Script,BA_Dracorider_Mount,BA_DracoRiderF_Body,BA_DracoriderF_DracoknightF_Palette
BattleAnimF0,DracoriderFDismounted,BA_WeaponSword,$00,GenderFemale,BA_DismountedCavalry_JuniorLord_Sword_Script,BA_Dismounted_PedRider_DracoriderF_Body,BA_DismountedClasses_JuniorLord_Slash,BA_Dismounted_Falcon_DracosF_Palette
BattleAnimF1,Dracoknight,BA_WeaponSword,Dean,GenderMale,BA_Draco_Sword_Script,BA_Dracoknight_Mount,BA_Dean_DracoKnight_Finn_DracoRider_Body,BA_Dean_Dracoknight_Palette
BattleAnimF2,Dracoknight,BA_WeaponLance,Dean,GenderMale,BA_Draco_Lance_Script,BA_Dracoknight_Mount,BA_Dean_DracoKnight_Finn_DracoRider_Body,BA_Dean_Dracoknight_Palette
BattleAnimF3,Dracoknight,BA_WeaponThrownLance,Dean,GenderMale,BA_Draco_ThrownLance_Script,BA_Dracoknight_Mount,BA_Dean_DracoKnight_Finn_DracoRider_Body,BA_Dean_Dracoknight_Palette
BattleAnimF4,Dracoknight,BA_WeaponSword,$00,GenderMale,BA_Draco_Sword_Script,BA_Dracoknight_Mount,BA_DracoKnightM_Body,BA_DracosM_Palette
BattleAnimF5,Dracoknight,BA_WeaponLance,$00,GenderMale,BA_Draco_Lance_Script,BA_Dracoknight_Mount,BA_DracoKnightM_Body,BA_DracosM_Palette
BattleAnimF6,Dracoknight,BA_WeaponThrownLance,$00,GenderMale,BA_Draco_ThrownLance_Script,BA_Dracoknight_Mount,BA_DracoKnightM_Body,BA_DracosM_Palette
BattleAnimF7,DracoknightDismounted,BA_WeaponSword,$00,GenderMale,BA_Swordmaster_HeroF_HeroFE4F_DismountedRanger_DismountedDracoknight_Script,BA_DismountedRanger_DismountedDracoknightM_HeroFE4M_Body,BA_Promoted_Infantry_Melee_Slash,BA_DismountedDracoknightM_HeroFE4M_Palette
BattleAnimF8,DracoknightF,BA_WeaponSword,$00,GenderFemale,BA_Draco_Sword_Script,BA_Dracoknight_Mount,BA_PegKnt_FalconKnt_DracoKntF_Body,BA_DracoriderF_DracoknightF_Palette
BattleAnimF9,DracoknightF,BA_WeaponLance,$00,GenderFemale,BA_Draco_Lance_Script,BA_Dracoknight_Mount,BA_PegKnt_FalconKnt_DracoKntF_Body,BA_DracoriderF_DracoknightF_Palette
BattleAnimFA,DracoknightF,BA_WeaponThrownLance,$00,GenderFemale,BA_Draco_ThrownLance_Script,BA_Dracoknight_Mount,BA_PegKnt_FalconKnt_DracoKntF_Body,BA_DracoriderF_DracoknightF_Palette
BattleAnimFB,DracoknightFDismounted,BA_WeaponSword,$00,GenderFemale,BA_DismountedCavalry_JuniorLord_Sword_Script,BA_Dismounted_DracoKntF_DracoMstF_PegKnt_FalconKntSword_Body,BA_DismountedClasses_JuniorLord_Slash,BA_Dismounted_Falcon_DracosF_Palette
BattleAnimFC,DragonMaster,BA_WeaponSword,$00,GenderMale,BA_Draco_Sword_Script,BA_Dragonmaster_Mount,BA_DragonMasterM_Body,BA_DracosM_Palette
BattleAnimFD,DragonMaster,BA_WeaponLance,$00,GenderMale,BA_Draco_Lance_Script,BA_Dragonmaster_Mount,BA_DragonMasterM_Body,BA_DracosM_Palette
BattleAnimFE,DragonMaster,BA_WeaponThrownLance,$00,GenderMale,BA_Draco_ThrownLance_Script,BA_Dragonmaster_Mount,BA_DragonMasterM_Body,BA_DracosM_Palette
BattleAnimFF,DragonMasterDismounted,BA_WeaponSword,$00,GenderMale,BA_DismountedCavalry_JuniorLord_Sword_Script,BA_JuniorLord_Dismounted_PromotedMeleeCavs_MasterKnightM_Dracorider_Dragonmaster_Body,BA_DismountedClasses_JuniorLord_Slash,BA_Dismounted_PromotedMeleeCavalry_DracoriderM_Dragonmaster_Palette
BattleAnim100,DragonMasterF,BA_WeaponSword,$00,GenderFemale,BA_Draco_Sword_Script,BA_Dragonmaster_Mount,BA_DragonMasterF_Body,BA_DragonmasterF_Palette
BattleAnim101,DragonMasterF,BA_WeaponLance,$00,GenderFemale,BA_Draco_Lance_Script,BA_Dragonmaster_Mount,BA_DragonMasterF_Body,BA_DragonmasterF_Palette
BattleAnim102,DragonMasterF,BA_WeaponThrownLance,$00,GenderFemale,BA_Draco_ThrownLance_Script,BA_Dragonmaster_Mount,BA_DragonMasterF_Body,BA_DragonmasterF_Palette
BattleAnim103,DragonMasterFDismounted,BA_WeaponSword,$00,GenderFemale,BA_DismountedCavalry_JuniorLord_Sword_Script,BA_Dismounted_DracoKntF_DracoMstF_PegKnt_FalconKntSword_Body,BA_DismountedClasses_JuniorLord_Slash,BA_Dismounted_Falcon_DracosF_Palette
BattleAnim104,PegasusRider,BA_WeaponSword,$00,GenderFemale,BA_Pegasi_Sword_Script,BA_Pegasus_Mount,BA_PegasusRider_Body,BA_PegRiderKnight_Palette
BattleAnim105,PegasusRider,BA_WeaponLance,$00,GenderFemale,BA_Pegasi_Lance_Script,BA_Pegasus_Mount,BA_PegasusRider_Body,BA_PegRiderKnight_Palette
BattleAnim106,PegasusRider,BA_WeaponThrownLance,$00,GenderFemale,BA_Pegasi_ThrownLance_Script,BA_Pegasus_Mount,BA_PegasusRider_Body,BA_PegRiderKnight_Palette
BattleAnim107,PegasusRiderDismounted,BA_WeaponSword,$00,GenderFemale,BA_DismountedCavalry_JuniorLord_Sword_Script,BA_Dismounted_PedRider_DracoriderF_Body,BA_DismountedClasses_JuniorLord_Slash,BA_DismountedPegRiderKnight_Palette
BattleAnim108,PegasusKnight,BA_WeaponSword,$00,GenderFemale,BA_Pegasi_Sword_Script,BA_Pegasus_Mount,BA_PegKnt_FalconKnt_DracoKntF_Body,BA_PegRiderKnight_Palette
BattleAnim109,PegasusKnight,BA_WeaponLance,$00,GenderFemale,BA_Pegasi_Lance_Script,BA_Pegasus_Mount,BA_PegKnt_FalconKnt_DracoKntF_Body,BA_PegRiderKnight_Palette
BattleAnim10A,PegasusKnight,BA_WeaponThrownLance,$00,GenderFemale,BA_Pegasi_ThrownLance_Script,BA_Pegasus_Mount,BA_PegKnt_FalconKnt_DracoKntF_Body,BA_PegRiderKnight_Palette
BattleAnim10B,PegasusKnightDismounted,BA_WeaponSword,$00,GenderFemale,BA_DismountedCavalry_JuniorLord_Sword_Script,BA_Dismounted_DracoKntF_DracoMstF_PegKnt_FalconKntSword_Body,BA_DismountedClasses_JuniorLord_Slash,BA_DismountedPegRiderKnight_Palette
BattleAnim10C,FalconKnight,BA_WeaponSword,$00,GenderFemale,BA_Pegasi_Sword_Script,BA_Falcon_Mount,BA_PegKnt_FalconKnt_DracoKntF_Body,BA_FalconKnight_Palette
BattleAnim10D,FalconKnight,BA_WeaponLance,$00,GenderFemale,BA_Pegasi_Lance_Script,BA_Falcon_Mount,BA_PegKnt_FalconKnt_DracoKntF_Body,BA_FalconKnight_Palette
BattleAnim10E,FalconKnight,BA_WeaponThrownLance,$00,GenderFemale,BA_Pegasi_ThrownLance_Script,BA_Falcon_Mount,BA_PegKnt_FalconKnt_DracoKntF_Body,BA_FalconKnight_Palette
BattleAnim10F,FalconKnight,BA_WeaponStaff,$00,GenderFemale,BA_Pegasi_Staff_Script,BA_Falcon_Mount,BA_PegKnt_FalconKnt_DracoKntF_Body,BA_FalconKnight_Palette
BattleAnim110,FalconKnightDismounted,BA_WeaponSword,$00,GenderFemale,BA_DismountedCavalry_JuniorLord_Sword_Script,BA_Dismounted_DracoKntF_DracoMstF_PegKnt_FalconKntSword_Body,BA_DismountedClasses_JuniorLord_Slash,BA_Dismounted_Falcon_DracosF_Palette
BattleAnim111,FalconKnightDismounted,BA_WeaponStaff,$00,GenderFemale,BA_DismountedCavalry_Staff_Script,BA_Dismounted_FalconKntStaff_Body,BA_Dismounted_KntLord_PalF_MstKntF_Falcon_Shadow,BA_Dismounted_Falcon_DracosF_Palette
BattleAnim112,Soldier,BA_WeaponLance,$00,GenderMale,BA_Soldier_Lance_Script,BA_Soldier_Body,BA_Infantry_Melee_Slash,BA_Soldier_ArcherEnemy_Palette
BattleAnim113,Soldier,BA_WeaponThrownLance,$00,GenderMale,BA_Soldier_ThrownLance_Script,BA_Soldier_Body,BA_Infantry_Melee_Slash,BA_Soldier_ArcherEnemy_Palette
BattleAnim114,ArcherEnemy,BA_WeaponBow,$00,GenderMale,BA_Infantry_DisountedCav_Bow_Script,BA_ArcherEnemy_Body,BA_Infantry_Melee_Slash,BA_Soldier_ArcherEnemy_Palette
